flight_id,distance_km,duration_min,delay_min,delayed
1,453.5,73.0,1.0,0
2,305.6,53.7,-2.4,0
3,502.5,69.6,10.8,0
4,523.5,70.2,-3.1,0
5,205.4,21.5,-1.6,0
6,276.8,52.5,4.9,0
7,434.1,36.6,-7.3,0
8,385.2,40.5,8.4,0
9,418.2,72.5,50.0,1
10,326.2,58.5,6.5,0
11,516.7,83.2,4.8,0
12,505.6,57.7,1.2,0
13,427.3,38.9,-3.3,0
14,544.0,61.2,89.8,1
15,471.4,60.1,-2.9,0
16,325.5,47.8,113.4,1
17,460.6,73.6,6.0,0
18,314.5,40.7,9.4,0
19,516.6,67.3,3.9,0
20,414.5,40.1,6.6,0
21,399.7,59.1,0.5,0
22,345.1,48.3,-0.4,0
23,554.5,55.0,4.4,0
24,403.0,49.7,0.1,0
25,372.9,48.0,3.3,0
26,381.3,47.5,107.0,1
27,478.6,84.0,-2.4,0
28,460.2,56.4,5.2,0
29,465.4,54.7,6.4,0
30,467.4,29.0,-2.9,0
31,655.6,61.2,5.4,0
32,375.3,47.1,-0.7,0
33,363.7,40.2,2.1,0
34,330.5,66.4,9.1,0
35,487.8,57.7,6.0,0
36,544.2,82.7,115.3,1
37,407.5,54.3,11.5,0
38,327.6,47.4,-1.5,0
39,329.3,45.8,-2.9,0
40,491.6,60.4,-1.6,0
41,501.8,85.2,0.7,0
42,479.7,26.9,-9.8,0
43,346.8,20.4,1.0,0
44,445.5,48.9,-0.7,0
45,432.8,55.7,5.9,0
46,444.1,66.1,87.1,1
47,515.9,68.9,-1.0,0
48,444.6,51.1,80.6,1
49,494.7,74.8,93.0,1
50,427.4,69.5,-1.8,0
51,451.8,59.6,-0.5,0
52,489.4,73.6,-9.1,0
53,259.7,45.1,-3.5,0
54,384.8,43.7,-1.7,0
55,368.3,60.0,2.4,0
56,349.7,50.2,-2.7,0
57,389.7,52.0,-0.6,0
58,584.4,88.5,-4.1,0
59,324.8,12.3,2.9,0
60,526.5,43.3,4.1,0
61,234.9,22.6,4.0,0
62,383.2,46.3,98.6,1
63,437.9,52.3,-5.7,0
64,484.5,38.6,-1.1,0
65,498.2,47.1,-0.0,0
66,507.3,49.5,-0.0,0
67,381.6,85.7,38.9,1
68,369.1,75.5,9.1,0
69,514.4,56.4,6.1,0
70,399.0,47.6,-2.9,0
71,279.7,26.8,33.3,1
72,295.3,17.5,25.3,1
73,318.9,44.5,-2.0,0
74,474.7,45.0,51.2,1
75,435.7,54.5,1.2,0
76,496.0,38.3,-5.0,0
77,373.0,39.9,4.3,0
78,437.4,58.0,3.1,0
79,488.8,65.2,0.9,0
80,386.0,57.5,1.8,0
81,470.2,40.1,-1.6,0
82,347.2,60.4,5.1,0
83,380.1,40.0,1.8,0
84,378.0,59.9,42.9,1
85,288.5,43.5,3.8,0
86,473.6,39.6,-3.8,0
87,368.4,45.8,-2.5,0
88,421.4,59.7,-9.0,0
89,472.9,67.4,4.8,0
90,469.1,56.5,67.7,1
91,493.2,81.9,65.6,1
92,409.2,67.7,39.2,1
93,373.4,47.0,5.0,0
94,411.2,64.2,-4.0,0
95,234.4,66.3,1.7,0
96,260.8,68.8,63.0,1
97,274.5,25.3,10.6,0
98,310.3,32.5,6.9,0
99,464.0,78.8,98.8,1
100,320.4,31.5,133.0,1
101,378.4,32.5,139.1,1
102,562.9,59.4,1.2,0
103,380.8,57.1,4.8,0
104,501.1,59.7,-1.2,0
105,317.3,36.9,1.1,0
106,397.4,43.1,2.8,0
107,315.5,35.9,3.2,0
108,382.7,39.1,4.5,0
109,512.4,94.0,-0.9,0
110,230.0,43.0,97.4,1
111,467.8,70.8,10.1,0
112,446.2,49.7,47.6,1
113,354.6,46.5,4.2,0
114,260.9,31.4,-4.6,0
115,427.9,18.0,-1.9,0
116,361.8,30.4,4.5,0
117,445.6,31.2,8.7,0
118,422.4,23.1,-4.1,0
119,596.2,52.2,1.4,0
120,393.7,70.8,3.0,0
121,307.4,44.6,6.3,0
122,439.7,74.1,0.3,0
123,444.2,62.2,-5.8,0
124,569.5,77.7,5.1,0
125,511.9,49.4,7.6,0
126,459.3,65.0,80.7,1
127,581.0,77.8,4.0,0
128,289.2,35.6,-0.4,0
129,349.6,56.5,49.0,1
130,318.1,54.0,7.1,0
131,377.1,43.2,3.9,0
132,268.6,26.3,4.5,0
133,489.9,43.6,138.5,1
134,395.6,53.6,94.6,1
135,258.2,45.8,108.2,1
136,308.3,34.2,2.8,0
137,454.5,57.6,-0.8,0
138,512.2,70.0,77.9,1
139,639.6,81.1,1.1,0
140,740.5,102.4,167.7,1
141,465.6,76.1,2.3,0
142,311.2,31.5,2.9,0
143,185.5,58.8,6.7,0
144,449.4,49.4,117.3,1
145,330.6,61.7,4.3,0
146,374.3,51.6,3.6,0
147,352.7,43.1,1.1,0
148,404.5,27.9,-1.6,0
149,537.3,61.7,144.8,1
150,437.3,34.0,0.3,0
151,402.6,66.6,10.4,0
152,306.1,66.3,8.7,0
153,235.8,28.2,5.2,0
154,366.5,54.3,3.9,0
155,414.1,43.8,1.6,0
156,614.5,61.6,-4.3,0
157,434.3,66.5,0.9,0
158,528.1,62.8,2.5,0
159,365.1,74.3,3.1,0
160,289.7,37.0,4.3,0
161,313.8,59.7,6.6,0
162,340.2,49.3,-1.5,0
163,654.1,84.8,-1.4,0
164,329.6,40.8,9.3,0
165,512.2,61.3,5.9,0
166,320.7,44.7,56.1,1
167,522.5,51.1,1.5,0
168,462.3,67.2,1.5,0
169,402.8,62.1,109.3,1
170,415.5,62.4,4.4,0
171,348.0,70.1,73.4,1
172,469.1,78.8,2.9,0
173,370.0,45.1,5.3,0
174,285.2,48.6,76.2,1
175,279.4,34.2,-0.4,0
176,439.0,56.3,8.1,0
177,593.7,60.3,78.5,1
178,437.6,78.6,-19.9,0
179,406.9,58.5,5.4,0
180,451.4,54.0,11.6,0
181,563.7,82.9,-8.0,0
182,444.1,26.0,9.6,0
183,374.8,22.5,-11.9,0
184,541.7,75.6,6.7,0
185,467.2,59.2,2.0,0
186,588.9,71.8,-9.7,0
187,440.2,37.5,4.2,0
188,285.3,43.1,7.8,0
189,269.5,70.1,3.8,0
190,601.6,80.9,4.9,0
191,609.6,72.4,-0.1,0
192,400.3,46.7,79.1,1
193,377.8,45.5,5.5,0
194,580.8,37.8,10.7,0
195,298.2,48.1,7.6,0
196,321.6,58.2,-7.9,0
197,490.8,38.2,82.0,1
198,376.6,41.6,-2.2,0
199,419.4,38.2,-6.0,0
200,402.0,39.5,2.2,0
201,457.1,58.2,4.0,0
202,574.8,38.0,-5.2,0
203,430.0,63.9,5.9,0
204,490.8,70.8,5.0,0
205,194.5,32.4,-0.7,0
206,414.6,19.3,1.1,0
207,327.2,32.9,-7.7,0
208,285.9,60.7,92.8,1
209,323.4,7.6,2.0,0
210,383.2,46.6,2.8,0
211,520.7,46.2,3.9,0
212,274.1,53.7,3.2,0
213,423.4,45.3,75.7,1
214,366.7,55.7,3.4,0
215,384.0,59.4,7.0,0
216,530.3,89.2,1.5,0
217,479.2,56.5,3.6,0
218,567.1,71.8,1.1,0
219,403.0,32.3,-1.2,0
220,343.4,64.8,4.6,0
221,395.4,41.8,-0.8,0
222,446.7,48.8,3.9,0
223,439.4,55.7,2.1,0
224,300.7,22.8,0.5,0
225,430.0,58.5,0.4,0
226,445.1,70.0,96.0,1
227,696.9,81.2,102.2,1
228,626.5,49.1,3.9,0
229,326.1,45.0,3.2,0
230,388.4,62.2,6.2,0
231,259.0,14.9,-0.7,0
232,355.0,34.1,11.5,0
233,454.7,69.6,107.2,1
234,552.6,69.1,-2.4,0
235,339.8,53.6,-3.0,0
236,348.0,74.6,-6.7,0
237,183.8,41.6,9.7,0
238,402.1,62.2,8.9,0
239,303.1,82.8,96.7,1
240,361.8,46.7,-2.5,0
241,323.5,35.4,11.1,0
242,409.6,59.6,0.2,0
243,226.6,44.7,49.8,1
244,258.6,33.8,9.2,0
245,654.2,59.2,5.3,0
246,278.4,75.2,13.0,0
247,299.4,49.1,3.2,0
248,622.1,60.8,0.0,0
249,739.6,93.5,-1.1,0
250,291.1,42.3,-7.2,0
251,379.5,47.6,113.7,1
252,457.6,65.4,7.7,0
253,610.2,51.9,5.0,0
254,311.4,50.5,2.1,0
255,393.0,79.0,-3.0,0
256,505.5,68.0,57.1,1
257,467.8,53.1,7.1,0
258,378.6,43.9,4.2,0
259,405.3,47.5,2.8,0
260,268.8,38.5,-2.0,0
261,393.8,47.0,6.3,0
262,390.7,64.9,-13.7,0
263,445.5,32.3,67.8,1
264,358.9,61.5,38.4,1
265,471.9,53.4,-5.5,0
266,531.4,68.9,0.8,0
267,437.1,40.1,77.5,1
268,458.7,76.2,-0.3,0
269,425.8,72.4,7.2,0
270,420.0,67.9,4.4,0
271,340.6,26.7,79.9,1
272,454.8,68.9,6.0,0
273,409.3,59.2,2.1,0
274,650.2,50.8,17.9,1
275,593.1,68.3,2.8,0
276,462.4,63.0,78.4,1
277,336.1,55.3,-6.6,0
278,297.6,46.9,-0.7,0
279,551.0,69.3,7.7,0
280,448.9,77.4,-4.7,0
281,472.8,75.9,-8.8,0
282,228.1,-1.4,2.2,0
283,522.0,58.4,8.9,0
284,470.0,56.2,75.0,1
285,297.9,19.9,0.3,0
286,368.1,51.5,-7.3,0
287,449.0,74.3,4.3,0
288,425.8,39.7,5.3,0
289,387.9,56.5,87.3,1
290,408.6,40.7,7.7,0
291,392.3,42.8,5.8,0
292,436.8,76.5,7.7,0
293,581.9,60.1,4.9,0
294,137.7,37.8,5.3,0
295,393.9,26.1,4.6,0
296,439.4,82.1,6.3,0
297,452.6,65.5,-7.1,0
298,379.1,48.5,44.2,1
299,226.8,46.7,-1.7,0
300,456.1,37.7,1.4,0
301,610.0,86.6,3.9,0
302,251.3,36.1,3.6,0
303,515.0,59.4,7.6,0
304,383.9,44.6,7.7,0
305,413.3,45.8,-2.4,0
306,304.2,54.7,3.2,0
307,383.2,55.0,87.1,1
308,563.0,75.3,1.1,0
309,484.1,59.6,3.6,0
310,610.6,77.3,89.8,1
311,549.5,59.2,14.1,0
312,468.3,89.6,4.8,0
313,611.8,48.2,-1.0,0
314,468.3,76.1,11.6,0
315,511.1,81.1,0.3,0
316,387.4,39.8,2.7,0
317,427.3,86.3,71.2,1
318,343.3,62.1,203.6,1
319,528.9,77.0,1.5,0
320,290.4,44.2,2.7,0
321,506.1,58.5,210.0,1
322,399.0,49.8,4.9,0
323,548.8,70.5,1.7,0
324,502.6,80.8,7.6,0
325,620.3,73.4,14.7,0
326,500.4,48.3,3.6,0
327,247.1,51.8,2.6,0
328,412.6,66.7,2.9,0
329,291.1,53.0,36.0,1
330,363.0,60.2,-1.0,0
331,586.2,64.3,116.2,1
332,490.1,47.2,-5.7,0
333,343.1,36.0,81.8,1
334,308.5,22.4,-0.6,0
335,423.6,58.1,144.7,1
336,286.2,42.3,10.8,0
337,346.2,42.2,4.7,0
338,454.3,15.9,133.0,1
339,547.1,47.4,-1.6,0
340,487.0,75.6,8.9,0
341,168.0,24.5,7.6,0
342,453.5,62.2,2.1,0
343,427.9,35.6,-0.2,0
344,465.5,78.3,58.5,1
345,597.8,67.0,-3.0,0
346,193.0,39.9,4.0,0
347,355.0,81.7,94.4,1
348,485.0,81.0,3.0,0
349,246.0,35.9,-1.9,0
350,582.4,59.4,4.1,0
351,460.5,53.2,-0.4,0
352,513.1,69.2,-5.0,0
353,357.2,47.8,5.5,0
354,509.5,56.2,7.6,0
355,537.5,84.6,113.3,1
356,445.6,54.9,91.4,1
357,445.8,88.7,-2.8,0
358,449.7,58.1,1.3,0
359,325.0,71.6,-0.8,0
360,403.8,58.1,-3.1,0
361,403.2,66.5,11.5,0
362,462.2,47.8,4.3,0
363,530.0,51.5,4.9,0
364,303.6,51.3,6.4,0
365,406.2,67.2,5.9,0
366,583.0,68.4,-0.1,0
367,338.2,29.7,3.4,0
368,329.6,28.0,0.7,0
369,442.3,36.3,4.2,0
370,512.9,37.3,3.7,0
371,421.3,56.1,0.1,0
372,566.2,82.2,-4.6,0
373,514.2,62.0,2.7,0
374,512.6,30.4,1.0,0
375,481.0,56.8,-7.5,0
376,676.0,73.2,4.5,0
377,397.4,81.9,6.8,0
378,199.6,16.0,14.6,0
379,596.5,63.4,0.0,0
380,369.7,74.2,-0.7,0
381,431.9,61.7,46.7,1
382,564.1,74.1,3.0,0
383,243.8,41.6,3.0,0
384,282.3,47.8,-2.1,0
385,243.9,50.9,1.1,0
386,332.6,35.9,-7.9,0
387,468.4,70.7,6.6,0
388,477.7,39.9,-1.9,0
389,450.4,61.5,1.8,0
390,264.6,44.2,-5.1,0
391,165.9,25.0,-0.9,0
392,426.0,54.6,0.6,0
393,368.1,41.5,1.9,0
394,470.5,43.6,4.4,0
395,497.2,55.8,9.2,0
396,435.2,40.2,5.7,0
397,503.6,65.8,6.8,0
398,445.2,40.4,9.2,0
399,478.3,69.2,4.8,0
400,342.5,31.5,1.8,0
401,400.2,44.9,7.0,0
402,441.6,47.5,7.4,0
403,510.3,80.4,5.2,0
404,376.7,55.5,-5.3,0
405,477.3,56.2,-2.2,0
406,390.8,59.0,0.6,0
407,407.1,23.9,5.9,0
408,511.2,61.3,1.9,0
409,200.8,64.4,43.9,1
410,277.4,44.6,8.6,0
411,257.0,42.0,8.0,0
412,163.3,41.1,8.0,0
413,345.4,60.9,-3.2,0
414,502.4,33.2,4.4,0
415,388.7,28.3,-1.0,0
416,441.8,59.2,-6.2,0
417,539.8,54.3,0.6,0
418,566.0,84.8,74.5,1
419,412.4,49.4,4.3,0
420,568.9,39.6,12.1,0
421,1474.0,123.1,2.9,0
422,1232.3,82.6,99.8,1
423,1295.5,122.9,98.9,1
424,1065.1,104.7,157.8,1
425,1219.1,114.0,-4.4,0
426,1356.9,146.4,106.0,1
427,1658.9,172.8,112.6,1
428,1897.4,173.2,-1.2,0
429,1090.6,79.5,8.4,0
430,1552.1,155.9,128.0,1
431,1179.5,124.5,7.7,0
432,1573.4,153.4,0.2,0
433,1415.9,149.8,99.4,1
434,974.0,83.6,1.7,0
435,1691.4,186.8,114.1,1
436,1292.7,112.6,9.8,0
437,1311.2,138.0,116.0,1
438,1171.9,92.5,11.9,0
439,1279.9,111.9,78.9,1
440,1561.3,169.3,232.9,1
441,1400.8,131.2,6.1,0
442,1535.5,157.7,198.8,1
443,1544.1,149.9,12.0,0
444,1793.4,165.6,7.9,0
445,1360.9,150.7,2.1,0
446,1066.0,104.1,127.5,1
447,1727.5,136.7,4.9,0
448,1363.8,120.6,91.0,1
449,1739.8,170.4,155.3,1
450,1549.7,152.6,4.3,0
451,1415.9,114.2,2.3,0
452,1540.7,136.2,157.5,1
453,1957.3,172.4,133.5,1
454,1990.0,178.1,2.7,0
455,1468.0,121.1,10.6,0
456,1491.6,133.5,109.2,1
457,1729.8,151.6,2.3,0
458,1230.1,131.7,241.3,1
459,1536.6,157.3,148.2,1
460,1443.3,136.3,8.8,0
461,1531.6,140.1,10.1,0
462,1233.3,123.1,151.6,1
463,1036.7,93.6,81.5,1
464,911.0,78.6,78.8,1
465,1159.5,101.9,4.6,0
466,1330.7,120.2,135.3,1
467,1373.8,116.4,81.6,1
468,1953.7,182.5,2.7,0
469,1737.6,172.7,135.9,1
470,1199.9,96.2,0.5,0
471,1540.4,146.7,123.5,1
472,1344.2,127.1,10.5,0
473,1376.1,137.6,121.7,1
474,1498.2,142.7,134.0,1
475,1611.0,131.8,189.4,1
476,1361.8,114.0,-2.8,0
477,1726.6,162.0,1.5,0
478,1153.1,129.0,312.4,1
479,1451.6,108.0,109.6,1
480,2125.4,199.1,2.9,0
481,1508.0,160.3,112.9,1
482,1822.6,167.3,197.5,1
483,1473.8,148.6,0.8,0
484,1601.0,141.4,189.9,1
485,1435.2,136.0,136.3,1
486,1405.7,112.6,125.0,1
487,1247.3,89.5,120.8,1
488,1561.9,161.3,105.2,1
489,1228.6,107.0,3.2,0
490,1623.1,146.7,5.1,0
491,1732.2,142.6,151.5,1
492,1545.3,127.0,-5.4,0
493,1375.6,130.4,117.5,1
494,1568.0,138.4,-11.9,0
495,1369.7,137.6,103.0,1
496,1693.2,165.2,-7.1,0
497,973.8,104.3,173.9,1
498,1362.7,135.1,135.9,1
499,932.4,118.5,89.6,1
500,1061.3,92.1,90.5,1
501,1804.6,167.2,124.5,1
502,1682.7,173.8,5.5,0
503,1262.9,141.3,-7.0,0
504,1059.3,87.0,124.7,1
505,679.2,71.3,1.0,0
506,1308.7,146.3,2.6,0
507,2079.3,197.6,-2.6,0
508,1563.1,150.9,5.9,0
509,1304.5,123.9,-5.2,0
510,1570.9,143.4,123.1,1
511,1044.2,109.7,-0.0,0
512,1372.7,129.0,-5.0,0
513,1475.9,140.4,117.4,1
514,1427.6,138.2,104.1,1
515,1655.6,146.3,142.7,1
516,1539.6,153.7,8.1,0
517,1623.8,193.9,216.2,1
518,1271.0,99.3,1.6,0
519,1683.4,162.6,2.6,0
520,1873.5,163.0,9.6,0
521,1197.8,126.3,126.5,1
522,1219.2,120.6,2.9,0
523,1797.3,178.0,1.0,0
524,1400.3,151.3,128.8,1
525,1815.0,171.5,8.5,0
526,1334.9,145.3,147.4,1
527,1828.3,137.1,0.0,0
528,1484.2,164.0,110.6,1
529,1517.1,149.7,96.0,1
530,1856.8,187.3,124.0,1
531,1355.9,114.1,168.3,1
532,1205.3,107.2,139.1,1
533,1333.4,131.4,1.0,0
534,1567.6,148.3,204.6,1
535,1042.9,109.5,131.3,1
536,1615.7,167.7,4.8,0
537,1309.9,102.7,1.2,0
538,1748.4,177.0,99.7,1
539,827.5,88.0,2.9,0
540,1245.5,119.3,102.7,1
541,1011.5,82.3,-8.6,0
542,1235.2,128.3,134.0,1
543,1514.4,110.4,3.2,0
544,1403.4,144.2,0.4,0
545,1384.1,112.6,-2.8,0
546,1408.6,136.3,-5.3,0
547,1502.9,141.6,3.1,0
548,1187.8,133.8,129.5,1
549,1633.8,151.5,3.0,0
550,1622.3,143.3,-4.9,0
551,1550.1,140.0,3.1,0
552,1594.7,168.6,132.5,1
553,1527.1,152.7,95.5,1
554,1979.1,176.9,5.0,0
555,1427.4,133.7,163.8,1
556,1370.2,110.4,88.3,1
557,1254.1,128.3,105.5,1
558,1181.6,92.3,-5.1,0
559,1126.4,122.9,131.3,1
560,1218.9,121.8,146.4,1
561,1431.6,170.8,119.8,1
562,1536.9,130.6,5.5,0
563,1463.3,138.6,5.8,0
564,1251.0,147.8,90.6,1
565,1684.0,174.8,110.5,1
566,1642.2,144.9,-2.9,0
567,1408.5,138.6,99.8,1
568,1280.2,125.0,-5.6,0
569,1592.6,154.5,116.7,1
570,1498.9,133.1,1.2,0
571,1073.5,106.8,94.8,1
572,1432.3,115.1,-6.5,0
573,1518.1,146.4,196.5,1
574,1216.1,126.0,5.1,0
575,1499.4,139.8,-4.7,0
576,1071.7,85.3,4.5,0
577,1797.4,181.2,160.6,1
578,1774.5,170.6,194.8,1
579,1384.3,123.4,6.3,0
580,1544.5,142.7,-9.0,0
581,823.4,66.5,3.7,0
582,1149.3,99.9,108.6,1
583,1373.6,125.1,124.2,1
584,1171.2,133.2,3.9,0
585,1635.7,145.2,0.5,0
586,1969.3,190.4,-1.2,0
587,1144.1,106.3,0.5,0
588,1232.3,124.5,92.1,1
589,1511.2,141.9,86.5,1
590,1868.9,185.5,122.7,1
591,1132.2,105.4,12.7,0
592,1514.7,122.2,133.7,1
593,1923.5,158.4,153.7,1
594,1020.5,96.2,100.4,1
595,1116.9,94.1,128.1,1
596,1339.9,135.6,1.7,0
597,1314.6,121.3,114.5,1
598,1661.3,189.5,147.9,1
599,1512.8,119.7,6.2,0
600,988.5,103.9,88.3,1
601,1584.0,134.1,156.8,1
602,1299.8,119.7,112.3,1
603,1781.4,168.1,-4.0,0
604,1286.8,93.0,99.8,1
605,1284.5,128.6,1.5,0
606,1590.7,177.1,5.2,0
607,1648.4,148.8,-0.7,0
608,1566.5,152.1,149.9,1
609,1011.7,117.3,0.8,0
610,1589.9,148.1,145.0,1
611,1181.1,108.7,97.3,1
612,1511.2,112.1,104.2,1
613,1079.8,117.5,101.1,1
614,1566.0,146.8,110.2,1
615,1240.3,107.5,92.4,1
616,1116.5,113.3,78.1,1
617,1635.6,145.9,92.8,1
618,1512.8,136.7,5.6,0
619,1290.4,134.3,-3.8,0
620,1827.3,151.1,180.1,1
621,1335.4,144.2,-3.4,0
622,1458.3,120.0,102.4,1
623,1519.9,135.4,156.4,1
624,1288.9,152.6,116.2,1
625,1572.5,164.7,114.2,1
626,1311.3,128.9,161.7,1
627,1343.0,117.0,119.2,1
628,1804.3,160.5,106.5,1
629,1179.4,117.7,147.2,1
630,822.7,88.0,109.9,1
631,1868.8,172.0,153.4,1
632,2112.8,192.8,131.4,1
633,1344.6,127.3,131.2,1
634,946.4,77.4,168.1,1
635,1369.3,125.0,136.2,1
636,1375.6,145.6,88.9,1
637,1400.6,115.7,140.7,1
638,1160.5,112.5,5.6,0
639,1600.7,139.8,164.1,1
640,1586.4,151.6,146.4,1
641,1061.5,101.6,83.5,1
642,1631.8,174.5,-4.4,0
643,1983.7,189.8,0.3,0
644,1494.7,124.2,-0.6,0
645,1362.3,141.1,4.3,0
646,1413.1,125.0,107.7,1
647,1610.0,143.9,7.0,0
648,1000.0,106.4,120.4,1
649,1492.7,135.5,7.0,0
650,1348.5,143.1,149.5,1
651,1930.4,167.5,165.3,1
652,1404.7,126.5,-1.5,0
653,1883.7,165.3,97.7,1
654,1163.0,107.4,10.7,0
655,1602.7,166.8,112.1,1
656,1533.0,154.5,2.9,0
657,1224.0,144.3,0.7,0
658,1496.1,174.4,175.3,1
659,1765.3,150.3,8.5,0
660,1365.8,133.0,-1.6,0
661,1010.1,86.4,0.6,0
662,1445.4,127.6,134.8,1
663,1215.4,110.8,108.7,1
664,1361.0,116.8,-1.5,0
665,1428.8,122.4,88.2,1
666,1006.5,100.5,101.8,1
667,1029.9,87.4,178.7,1
668,1575.3,161.0,-3.6,0
669,1314.1,114.9,136.3,1
670,783.2,123.6,-0.2,0
671,1654.1,149.3,12.0,0
672,1520.8,145.7,224.2,1
673,1264.4,105.5,122.1,1
674,1107.6,134.7,0.7,0
675,1667.3,172.4,147.4,1
676,1540.8,150.5,-5.3,0
677,2069.5,170.8,147.4,1
678,1559.2,150.8,4.5,0
679,1550.8,131.5,115.1,1
680,1406.6,155.8,0.9,0
681,1662.4,167.6,1.3,0
682,1612.5,153.6,160.4,1
683,1775.4,131.5,6.5,0
684,1314.5,114.0,-5.4,0
685,1336.8,139.2,5.7,0
686,1325.4,145.7,154.6,1
687,1655.6,171.3,111.8,1
688,1839.6,148.6,111.0,1
689,1330.7,133.3,92.5,1
690,1339.6,144.1,92.5,1
691,1531.7,122.4,10.4,0
692,1386.1,133.5,108.5,1
693,1697.5,163.0,11.8,0
694,864.5,86.7,99.9,1
695,1235.1,95.3,95.2,1
696,1246.6,117.7,97.5,1
697,846.7,84.8,-0.6,0
698,1199.5,116.3,-1.4,0
699,1212.1,111.5,-8.3,0
700,1397.7,128.4,8.4,0
701,1739.4,162.1,146.7,1
702,1386.3,139.9,-2.0,0
703,1182.0,112.7,105.1,1
704,1435.2,132.0,1.0,0
705,1722.8,162.6,179.0,1
706,1196.3,91.2,148.5,1
707,1213.3,126.2,95.3,1
708,1595.2,150.8,133.7,1
709,1392.4,134.7,148.0,1
710,1618.3,166.2,6.9,0
711,1446.5,111.3,3.4,0
712,1632.4,126.2,-1.2,0
713,1180.9,120.7,190.2,1
714,1446.9,138.5,-0.4,0
715,1395.2,136.8,107.8,1
716,1133.9,106.5,80.6,1
717,1043.5,114.9,103.2,1
718,1628.3,166.6,185.0,1
719,1358.8,138.2,1.7,0
720,1184.2,113.5,112.5,1
721,1425.0,107.3,156.4,1
722,1743.3,173.7,-7.2,0
723,857.0,107.4,131.4,1
724,1060.9,116.0,-4.0,0
725,1210.0,106.9,146.1,1
726,1829.9,179.5,3.2,0
727,1523.5,157.0,-1.8,0
728,1649.5,177.1,2.2,0
729,1153.6,102.3,-11.0,0
730,1158.9,111.9,-3.4,0
731,1566.4,158.9,2.2,0
732,1465.2,140.9,140.9,1
733,1592.7,135.0,85.2,1
734,1401.2,140.7,0.1,0
735,1522.3,152.9,142.2,1
736,1491.1,143.5,121.7,1
737,1652.2,158.6,151.7,1
738,1659.8,152.5,135.2,1
739,1028.8,125.1,223.1,1
740,865.7,78.4,0.8,0
741,1710.5,152.0,1.1,0
742,1758.8,164.4,6.3,0
743,1184.6,129.4,107.9,1
744,966.4,78.3,102.2,1
745,1475.7,122.7,-0.3,0
746,1692.0,130.2,171.4,1
747,1917.4,177.7,6.2,0
748,1584.2,134.3,171.2,1
749,1353.4,125.6,-1.7,0
750,1217.8,129.1,202.4,1
751,1453.0,130.2,9.5,0
752,1372.2,135.8,-2.2,0
753,1186.1,113.1,122.9,1
754,1982.7,192.0,1.0,0
755,1914.1,183.6,204.3,1
756,1745.4,153.4,-6.2,0
757,1210.6,116.9,9.1,0
758,1672.3,171.7,148.0,1
759,1616.3,158.0,225.7,1
760,1565.1,128.8,-1.1,0
761,1774.9,174.7,173.9,1
762,1615.2,137.3,8.1,0
763,1642.4,174.5,7.0,0
764,1615.6,166.8,3.0,0
765,1538.6,150.2,145.5,1
766,986.3,103.1,0.6,0
767,1471.7,137.8,2.0,0
768,1305.4,136.5,144.5,1
769,1117.2,106.4,59.2,1
770,1887.3,178.1,148.5,1
771,1899.5,188.0,127.4,1
772,1803.4,160.0,0.4,0
773,1516.4,135.7,119.9,1
774,1801.2,151.0,5.8,0
775,1453.1,124.3,129.5,1
776,1502.7,117.6,118.2,1
777,1165.7,125.8,212.0,1
778,1553.2,172.7,6.5,0
779,1465.7,160.1,-1.3,0
780,1111.3,88.4,112.3,1
781,1436.7,148.0,2.1,0
782,1429.3,157.1,219.0,1
783,1917.4,170.8,175.2,1
784,1682.5,159.4,126.9,1
785,1453.0,111.0,1.2,0
786,1514.7,147.9,0.8,0
787,1461.5,125.0,1.1,0
788,1397.2,137.4,182.6,1
789,1168.6,94.0,81.8,1
790,1410.7,143.3,-0.7,0
791,1256.0,137.3,81.0,1
792,1124.9,101.3,1.8,0
793,1582.9,133.9,-0.4,0
794,1551.7,117.1,141.5,1
795,985.5,97.1,9.8,0
796,1418.1,128.1,8.3,0
797,1708.9,138.4,179.1,1
798,1725.4,167.8,-0.5,0
799,1716.7,154.5,11.1,0
800,1460.1,124.7,230.7,1
801,1230.3,113.1,0.7,0
802,1168.2,130.8,79.1,1
803,1539.6,154.7,7.0,0
804,1548.6,145.2,-0.9,0
805,1784.7,175.0,3.1,0
806,1736.0,146.1,119.4,1
807,1415.6,136.5,-3.8,0
808,1126.5,114.4,221.9,1
809,1367.0,125.5,94.1,1
810,1506.5,149.6,98.0,1
811,1397.5,123.7,-0.8,0
812,1299.7,133.7,160.3,1
813,1515.8,152.0,152.7,1
814,1319.0,87.3,-1.2,0
815,1286.7,142.2,102.9,1
816,1531.0,102.9,150.2,1
817,1345.5,121.7,132.6,1
818,1513.5,158.5,127.4,1
819,1521.0,140.3,1.6,0
820,1153.7,94.1,85.2,1
821,2441.2,204.9,155.0,1
822,3074.5,286.5,-8.1,0
823,2216.5,174.9,179.2,1
824,1901.5,191.7,17.5,1
825,1985.6,182.0,1.4,0
826,2609.6,217.3,1.4,0
827,2610.2,225.9,218.7,1
828,2561.2,215.8,169.7,1
829,3000.7,278.2,184.9,1
830,1718.0,171.1,156.2,1
831,2730.7,219.8,244.7,1
832,3115.3,269.8,172.2,1
833,2227.8,190.6,178.8,1
834,2474.7,241.0,170.4,1
835,2351.5,193.9,181.5,1
836,2304.9,231.5,136.8,1
837,2492.3,223.9,232.7,1
838,3071.1,255.6,277.9,1
839,3200.0,272.9,243.7,1
840,2489.1,212.9,-2.3,0
841,3200.0,264.6,-0.7,0
842,2611.7,235.5,9.4,0
843,3178.7,263.5,2.5,0
844,2569.2,200.2,-0.8,0
845,2643.2,231.4,181.0,1
846,2720.6,217.8,188.1,1
847,3200.0,271.9,278.2,1
848,2880.9,243.5,200.5,1
849,2366.6,201.9,223.1,1
850,2919.8,287.4,200.7,1
851,2480.6,224.2,9.9,0
852,2438.4,223.4,182.0,1
853,2899.8,232.9,0.8,0
854,2610.3,224.9,168.2,1
855,2691.9,243.8,201.0,1
856,2604.6,219.2,168.3,1
857,2711.1,255.0,180.1,1
858,2740.2,227.9,183.8,1
859,1960.8,176.8,149.6,1
860,2820.0,243.0,-5.2,0
861,2275.9,208.9,157.3,1
862,2124.0,185.2,168.7,1
863,2580.7,227.8,233.6,1
864,2627.7,232.2,211.0,1
865,2371.1,204.2,135.3,1
866,2874.2,262.5,164.8,1
867,2157.1,200.2,179.4,1
868,2465.7,220.9,165.4,1
869,2407.0,211.3,139.4,1
870,2584.6,243.1,169.5,1
871,2692.0,237.4,207.7,1
872,2267.4,201.6,159.8,1
873,2839.0,254.3,201.0,1
874,2620.8,258.7,180.1,1
875,1975.7,163.2,135.6,1
876,1953.7,191.0,163.3,1
877,2595.9,206.4,147.4,1
878,2527.1,230.3,160.3,1
879,2565.9,252.5,216.3,1
880,2590.8,239.3,3.2,0
881,2674.4,241.7,191.0,1
882,2912.7,251.0,2.8,0
883,2233.3,203.6,153.4,1
884,2213.2,198.0,203.4,1
885,2239.2,192.6,214.9,1
886,2695.3,237.0,163.5,1
887,3010.8,269.7,202.3,1
888,2457.7,210.8,137.1,1
889,1774.4,154.2,8.3,0
890,2037.7,168.0,157.5,1
891,2325.1,216.1,136.8,1
892,2415.9,225.7,155.8,1
893,2465.2,225.4,5.1,0
894,2612.7,247.8,164.3,1
895,2497.1,226.0,140.2,1
896,2946.3,267.1,264.8,1
897,2376.9,219.2,148.3,1
898,2315.4,208.6,173.0,1
899,2758.0,238.7,5.2,0
900,2093.2,222.6,207.7,1
901,2728.6,237.4,194.8,1
902,2633.8,226.7,180.3,1
903,2551.3,235.3,187.4,1
904,3124.1,279.7,184.9,1
905,2394.7,196.7,150.0,1
906,3200.0,298.1,207.9,1
907,2525.6,225.8,137.6,1
908,2178.6,183.1,146.3,1
909,2623.1,251.7,7.7,0
910,2244.8,212.8,261.9,1
911,2351.9,195.2,7.4,0
912,2731.0,268.8,11.2,0
913,2783.3,257.5,230.3,1
914,2394.7,216.2,149.8,1
915,2925.8,282.2,207.1,1
916,2982.0,266.8,234.0,1
917,3074.0,271.7,183.9,1
918,2774.7,238.3,159.9,1
919,3049.9,278.2,220.8,1
920,1979.3,189.0,10.1,0
921,2495.1,224.8,5.1,0
922,2313.9,198.7,217.7,1
923,2639.3,238.2,162.8,1
924,2411.4,216.8,2.6,0
925,2545.2,210.0,227.6,1
926,3200.0,261.8,218.6,1
927,2544.0,236.5,-6.9,0
928,2736.6,208.0,185.8,1
929,2523.4,229.8,177.4,1
930,2625.0,228.6,188.9,1
931,2602.0,251.7,0.0,0
932,2747.9,238.4,226.5,1
933,2984.6,274.0,185.8,1
934,3143.6,272.2,220.5,1
935,2702.2,243.2,182.0,1
936,2794.6,259.5,181.5,1
937,2220.2,195.6,186.2,1
938,2571.0,244.8,-5.5,0
939,2910.3,244.7,176.6,1
940,2885.8,260.8,202.1,1
941,2669.8,251.8,174.4,1
942,2892.5,266.4,217.1,1
943,2762.0,273.3,177.9,1
944,2996.1,255.0,201.2,1
945,2695.5,221.7,177.2,1
946,2482.6,209.7,141.3,1
947,2710.8,251.5,265.1,1
948,1632.9,160.9,139.1,1
949,2726.4,245.0,268.3,1
950,1396.0,118.8,5.6,0
951,2031.3,197.3,184.3,1
952,2749.1,228.3,-2.8,0
953,2757.6,262.3,2.1,0
954,2216.4,241.7,166.4,1
955,2365.0,219.1,1.1,0
956,3052.3,278.5,184.4,1
957,2440.3,213.2,136.2,1
958,3200.0,257.1,259.1,1
959,2599.4,224.7,215.6,1
960,2734.7,228.9,180.6,1
961,3133.6,256.7,315.9,1
962,2643.2,260.9,295.1,1
963,2269.2,209.9,129.7,1
964,2563.8,235.5,165.7,1
965,2588.2,227.9,184.7,1
966,2149.6,193.8,178.9,1
967,2515.6,239.8,191.2,1
968,2355.1,212.7,175.0,1
969,2905.0,265.6,174.0,1
970,2611.4,231.4,207.0,1
971,2506.7,220.8,204.2,1
972,2565.0,210.6,223.5,1
973,2673.6,211.5,159.8,1
974,2803.5,246.2,190.4,1
975,2270.1,206.9,156.1,1
976,2256.3,187.0,138.6,1
977,2964.5,262.6,198.0,1
978,2463.9,222.8,152.9,1
979,2132.4,164.7,129.6,1
980,2746.5,232.4,223.6,1
981,2752.9,251.4,181.4,1
982,2094.9,197.2,141.1,1
983,2675.7,223.3,241.9,1
984,2842.7,255.3,222.3,1
985,2723.5,257.6,149.2,1
986,2808.6,261.2,212.1,1
987,2136.6,193.9,6.5,0
988,2709.2,235.6,184.0,1
989,2500.1,216.2,172.4,1
990,2440.7,226.7,140.7,1
991,2887.3,259.5,5.0,0
992,3088.2,282.0,204.0,1
993,3192.1,283.6,8.2,0
994,3033.9,280.2,203.0,1
995,2563.8,231.6,165.0,1
996,2716.4,253.7,225.7,1
997,2853.1,266.1,204.9,1
998,2640.0,225.2,181.9,1
999,2643.2,211.4,-0.3,0
1000,2871.8,277.1,197.7,1
1001,2580.4,235.2,6.0,0
1002,2359.3,189.5,206.2,1
1003,2463.2,212.0,198.6,1
1004,2809.2,261.2,160.7,1
1005,2601.0,229.4,207.0,1
1006,2712.3,235.2,211.5,1
1007,2821.1,270.9,171.1,1
1008,2476.3,208.4,143.8,1
1009,2849.6,242.5,228.7,1
1010,2725.0,246.4,228.5,1
1011,2192.5,205.3,148.4,1
1012,3076.0,279.2,191.5,1
1013,2434.8,232.4,183.3,1
1014,2053.8,191.2,146.4,1
1015,2255.1,211.8,132.4,1
1016,2263.1,201.9,143.0,1
1017,2617.2,235.5,198.9,1
1018,2509.6,227.3,156.4,1
1019,2488.8,227.1,15.0,0
1020,2804.5,260.8,215.4,1
1021,2712.2,250.2,5.6,0
1022,2704.3,242.4,196.1,1
1023,2735.2,233.0,172.5,1
1024,2803.3,250.8,221.1,1
1025,1904.4,175.8,-6.7,0
1026,2479.7,226.0,221.7,1
1027,1880.5,205.1,219.3,1
1028,2611.9,226.8,192.6,1
1029,2598.5,239.0,246.3,1
1030,2945.0,276.5,177.3,1
1031,2991.9,266.7,225.3,1
1032,2666.9,271.4,189.8,1
1033,2434.9,214.4,208.8,1
1034,2760.1,250.9,151.7,1
1035,2425.8,207.7,205.5,1
1036,2599.5,228.2,167.9,1
1037,2925.4,263.4,204.3,1
1038,2415.9,230.0,277.5,1
1039,2865.9,259.5,220.4,1
1040,2823.5,269.2,212.7,1
1041,2284.9,206.0,182.5,1
1042,2921.4,254.9,249.4,1
1043,2830.5,290.0,230.2,1
1044,2633.6,241.5,200.4,1
1045,2348.4,202.5,181.4,1
1046,2316.5,200.2,-7.9,0
1047,2422.6,205.5,175.8,1
1048,2779.1,261.0,164.8,1
1049,2284.6,202.2,190.4,1
1050,2744.4,246.8,177.5,1
1051,2190.2,198.7,8.3,0
1052,2532.7,237.9,218.7,1
1053,2636.2,224.3,187.2,1
1054,3200.0,267.3,5.8,0
1055,2145.5,199.1,169.4,1
1056,3085.8,281.4,201.3,1
1057,2649.4,241.9,287.4,1
1058,2735.7,233.0,280.1,1
1059,2639.1,245.9,273.3,1
1060,2746.8,234.8,205.7,1
1061,2549.3,221.7,-1.3,0
1062,3079.8,259.3,-1.4,0
1063,2449.4,239.1,169.7,1
1064,2973.6,272.7,246.6,1
1065,2387.4,224.2,156.9,1
1066,2580.1,249.0,200.2,1
1067,2246.3,243.6,217.9,1
1068,2750.2,221.6,186.4,1
1069,3076.9,262.0,202.6,1
1070,2574.5,222.5,150.1,1
1071,2535.0,216.0,165.1,1
1072,2232.2,188.0,179.2,1
1073,2524.3,222.8,199.7,1
1074,2074.4,173.1,183.2,1
1075,2298.8,213.2,130.9,1
1076,2674.8,240.1,181.1,1
1077,3035.3,275.6,174.9,1
1078,3200.0,289.5,225.7,1
1079,2406.4,225.8,139.0,1
1080,3073.6,266.8,181.6,1
1081,2680.4,269.5,0.5,0
1082,2550.1,232.4,168.6,1
1083,2742.8,218.8,254.0,1
1084,2620.4,220.8,211.7,1
1085,2636.4,211.8,180.8,1
1086,2465.3,222.4,218.8,1
1087,2138.6,193.7,158.4,1
1088,2090.6,184.9,-3.7,0
1089,2815.6,279.0,177.9,1
1090,2508.7,233.4,224.0,1
1091,2403.3,227.2,140.1,1
1092,2602.8,220.4,158.0,1
1093,2862.3,240.7,174.2,1
1094,2659.5,238.6,172.6,1
1095,2383.5,217.9,188.2,1
1096,3004.7,240.4,207.4,1
1097,3121.1,273.4,241.7,1
1098,2763.2,246.8,244.5,1
1099,2921.3,256.5,164.5,1
1100,3009.8,255.4,263.9,1
